Job Color,Job Name,Actual Start,Contract Price,Job Running Total,Project Manager,Proj. Completion,Groups,Status,Job Type
,ADMS 2018,43864.0,1592558.49,1598200.14,Rene Sepulveda,44183.0,"Completed
Use for AI",CLOSED,Custom New Home
,ALVR 2014,42465.0,1287636.9,1308500.17,Rene Sepulveda,42825.0,Completed,CLOSED,New Homes
,AMLG 2021 - Design,44470.0,0.0,0.0,Jason Hebert,,Design,CLOSED,Custom New Home
,ANDR 2016,42887.0,1277185.0,1328329.11,Denny Berger,43252.0,Completed,CLOSED,New Homes
,BDLV 2026 - Design,46119.0,0.0,0.0,,,Construction,OPEN,Custom New Home
,BEMN 2019,,0.0,0.0,Michael Cartwright,,"Completed
Remodel",CLOSED,Other - Residential Remodeler
,BFIT 2014,,0.0,0.0,,,Completed,CLOSED,New Homes
,BRAY 2018,,2000000.0,2000000.0,Jason Hebert,,Cancelled,CLOSED,Other - Residential Remodeler
,BRDN 2025 - Design,,0.0,0.0,,46660.0,,CLOSED,Custom New Home
,BRDS 2026 - Design,46128.0,0.0,0.0,,,Remodel,OPEN,Other - Residential Remodeler
,BRGL 2021,44375.0,14999554.32,27455553.65,Susana Glenn,,"Construction
Design Build
Use for AI",OPEN,Custom New Home
,BRGL DOCK 2023,45005.0,1773344.87,2598855.07,Jason Hebert,,"Construction
Design Build",OPEN,Custom New Home
,BRGR 2020,44718.0,5963597.28,10784804.17,Truitt Jenkins,44777.0,"Construction
Use for AI",WARRANTY,Custom New Home
,BRGT 2026 - Design,,0.0,0.0,,,,OPEN,Custom New Home
,BRKS 2021,44470.0,0.0,0.0,Jason Hebert,,Cancelled,CLOSED,Custom New Home
,BRMN 2021,44440.0,0.0,0.0,Jason Hebert,,"Design
Construction
Remodel",CLOSED,Renovation/Tenant Improvements
,BRNC 2018,43507.0,1745644.5,1910162.29,Michael Cartwright,43945.0,Warranty,CLOSED,Custom New Home
,BSTN 2020,44348.0,2186527.31,2377525.19,Travis Ross,44799.0,"Warranty
Use for AI",CLOSED,Custom New Home
,CAIN 2013,41473.0,1430564.17,1430564.17,,,Warranty,CLOSED,New Homes
,CATE 2017,43482.0,4500000.0,4988771.72,"Denny Berger
Mike Scott",44561.0,Completed,CLOSED,New Homes
,CHRN 2022,44630.0,0.0,0.0,Jason Hebert,,Design,CLOSED,Custom New Home
,CIVILITEX,,0.0,0.0,,,Construction,OPEN,Custom New Home
,CLRK 2015,42326.0,1628217.0,1814180.74,,42706.0,Warranty,CLOSED,New Homes
,CNNR 2018,43948.0,2555298.02,2729547.84,Rene Sepulveda,44316.0,Warranty,CLOSED,Custom New Home
,CRTR 2017,43188.0,890358.98,944518.53,"Rene Sepulveda
Travis Ross",43553.0,Warranty,CLOSED,New Homes
,CRTS 2018,43752.0,1718221.07,1781029.31,Jason Hebert,44169.0,Warranty,CLOSED,Custom New Home
,CVRD 2026 - Design,,0.0,0.0,,,Design,OPEN,Custom New Home
,DALY Remodel,,0.0,0.0,Denny Berger,,"Construction
Remodel",CLOSED,New Homes
,DASS 2019,43992.0,2455200.99,2829320.31,Keaton Lain,44344.0,"Warranty
Use for AI",CLOSED,Custom New Home
,DBBS 2026- Remodel,,0.0,0.0,,,Remodel,OPEN,Other - Residential Remodeler
,DELN 2021,44361.0,0.0,0.0,Jason Hebert,,Design,CLOSED,Custom New Home
,DOMO 2025,,0.0,0.0,,,"Construction
Cancelled",CLOSED,Other - Commercial General Contractor
,DRBN 2016,42564.0,1500000.0,1500000.0,Jason Hebert,,Design,CLOSED,New Homes
,DRFW 2020,44195.0,0.0,0.0,"Jason Hebert
Monica Eskander
Chloe Cumberland",,Design,CLOSED,Custom New Home
,DTHT 2019,44074.0,2730332.65,2863848.19,Rene Sepulveda,44561.0,Warranty,CLOSED,Custom New Home
,DVIS 2020,44545.0,2326092.53,2612514.33,Michael Cartwright,45044.0,"Warranty
Use for AI",WARRANTY,Custom New Home
,ECHN 2023,45327.0,23222129.85,30256819.5,"Garrett Clyde
Bryan Kinney",46059.0,"Construction
Design Build
Use for AI",OPEN,Other - Residential Remodeler
,ECHN-WIN 2025,45827.0,0.0,0.0,Garrett Clyde,,Backcharge,OPEN,Custom New Home
,EGGL2015,41893.0,1100000.0,1100000.0,Jason Hebert,,On Hold,CLOSED,New Homes
,EKLD 2023,45154.0,0.0,0.0,"Andrew Kaplan
Amy Alexander",,,CLOSED,Other - Residential Remodeler
,EVRS 2017,43251.0,1488527.29,1574735.17,Colt Cook,43616.0,Warranty,CLOSED,New Homes
,FLAS 2013,41848.0,1036109.38,1036109.38,Skyler North,42216.0,Construction,CLOSED,New Homes
,FLGG 2017,43115.0,0.0,55321.23,Travis Ross,43182.0,"Construction
Remodel",CLOSED,Other - Residential Remodeler
,FRMR 2013,41765.0,523576.48,523576.48,Skyler North,,"Warranty
Construction",CLOSED,New Homes
,FSCO 2023,,0.0,0.0,Jason Hebert,,,CLOSED,Custom New Home
,FSCO 2023-Design,45054.0,0.0,0.0,Jason Hebert,,Design,CLOSED,Custom New Home
,FSHR 2013,,0.0,0.0,Skyler North,,Completed,CLOSED,New Homes
,FSTR 2021,44166.0,0.0,0.0,Bethany Jenkins,,Completed,CLOSED,Custom New Home
,General,,0.0,0.0,,,,GENERAL,
,GLRT 2019,43656.0,20000.0,20000.0,,,Remodel,CLOSED,Other - Residential Remodeler
,GRVS 2016,42865.0,2196382.0,2251735.37,Denny Berger,43315.0,Warranty,CLOSED,New Homes
,GTTF 2021,44228.0,0.0,0.0,Jason Hebert,,Pre-Construction PSA,CLOSED,Custom New Home
,HBNR 2025-Design,,0.0,0.0,Jason Hebert,,,OPEN,Custom New Home
,HBT 2023,45308.0,5059139.68,5104244.14,Michael Cartwright,,"Construction
Use for AI",OPEN,Custom New Home
,HCKM 2012,,0.0,0.0,,,Completed,CLOSED,New Homes
,HCKS 2025 - Remodel,,0.0,0.0,,,,CLOSED,Other - Residential Remodeler
,HDSL 2012,,0.0,0.0,,,Completed,CLOSED,New Homes
,HGHS 2020,44105.0,0.0,0.0,Jason Hebert,,Design,CLOSED,Custom New Home
,HIET 2014,42489.0,1866631.02,2037859.39,Shan Jenkins,42916.0,Warranty,CLOSED,New Homes
,HILL 2023,45012.0,0.0,0.0,Jason Hebert,,On Hold,CLOSED,Custom New Home
,HOBN 2020,44172.0,0.0,0.0,Jason Hebert,,Design,CLOSED,Custom New Home
,HRRS 2012,40392.0,2301008.94,2301008.94,Denny Berger,,Warranty,CLOSED,New Homes
,HSMN 2024,46281.0,3592400.87,3592400.87,Olivia Del Arco,46660.0,Design Build,OPEN,Custom New Home
,HUFF 2014,42094.0,1842883.3,2065461.38,,42582.0,Warranty,CLOSED,New Homes
,JCMT 2023,45145.0,100000.0,100000.0,Amy Alexander,,Furnishing Only,CLOSED,Renovation/Tenant Improvements
,JH NNN,,0.0,0.0,,,,CLOSED,New Homes
,JHNS_T 2021,44664.0,5659588.01,6026384.07,Bryan Kinney,45200.0,"Construction
Design Build
Use for AI",WARRANTY,Custom New Home
,JNPR 2013,,635553.96,635553.96,,,Completed,CLOSED,New Homes
,JNSN_BARN 2022,44473.0,0.0,0.0,Jason Hebert,,On Hold,CLOSED,Custom New Home
,JNSN_E&S 2022,44470.0,0.0,0.0,Jason Hebert,,On Hold,CLOSED,Custom New Home
,JPPB 2016,42310.0,0.0,0.0,Jason Hebert,,Warranty,CLOSED,New Homes
,JSMT 2020,,0.0,51858.43,,,"Warranty
Remodel",CLOSED,Other - Residential Remodeler
,JSPH 2012,,0.0,0.0,,,Completed,CLOSED,New Homes
,JSPH 2024-Design,45411.0,0.0,0.0,Jason Hebert,,"Design
Design Build",CLOSED,Custom New Home
,JWL 2025,45782.0,0.0,0.0,Christian Barajas,45807.0,Warranty,CLOSED,Renovation/Tenant Improvements
,KHLR 2017,43115.0,1419843.0,1475935.68,,43483.0,"Warranty
Completed",CLOSED,New Homes
,KLMS 2017,42662.0,1000000.0,1000000.0,Jason Hebert,,Design,CLOSED,New Homes
,KPNT 2013,41473.0,1205201.96,1205201.96,,,Construction,CLOSED,New Homes
,KPNT 2021,44494.0,0.0,0.0,,,Remodel,CLOSED,Renovation/Tenant Improvements
,KPNT-RMDL 2017,43245.0,0.0,0.0,,,Remodel,CLOSED,Other - Residential Remodeler
,LBLN 2018,,0.0,55962.33,,,Warranty,CLOSED,Other - Residential Remodeler
,LBLN 2020,44046.0,0.0,0.0,Travis Ross,,Remodel,CLOSED,Other - Residential Remodeler
,LBRN 2015,42033.0,0.0,0.0,Jason Hebert,,On Hold,CLOSED,New Homes
,LHEC 2021,44634.0,3346301.49,3669957.16,"Marisa Killian
Colt Cook",45121.0,"Warranty
Use for AI",WARRANTY,Custom New Home
,LNCS 2020,44077.0,2000000.0,2000000.0,Jason Hebert,,Design,CLOSED,Custom New Home
,LRSN 2025 - Design,,0.0,0.0,,46874.0,,OPEN,Custom New Home
,LRTZ 2013,,0.0,0.0,,,Completed,CLOSED,New Homes
,LXSH 2014,41773.0,1360000.0,1283249.19,Denny Berger,42139.0,Warranty,CLOSED,New Homes
,MA_BRGR 2024,45499.0,252413.12,927585.88,,,Maintenance,OPEN,Custom New Home
,MA_CNNR 2026,,0.0,0.0,,,,OPEN,Renovation/Tenant Improvements
,MA_MCGH 2026,,0.0,0.0,"Ben Davis
Christian Barajas",,Maintenance,OPEN,Renovation/Tenant Improvements
,MA_NSMT 2024,,0.0,0.0,"Ben Davis
Christian Barajas",,Maintenance,CLOSED,Custom New Home
,MA_RSNT 2025,,0.0,89026.74,Christian Barajas,,Maintenance,OPEN,Custom New Home
,MANZ 2015,42625.0,1334492.0,1395417.12,Denny Berger,43159.0,Warranty,CLOSED,New Homes
,MAXY 2018,44390.0,1771994.53,1873862.72,"Denny Berger
Michael Cartwright",44834.0,Construction,CLOSED,Custom New Home
,MCDM 2023,45406.0,2376257.27,2517346.12,"Denny Berger
Alex Tackes",45772.0,Construction,WARRANTY,Other - Residential Remodeler
,MCGH 2021,45131.0,3478463.4,3982304.01,Marisa Killian,45681.0,"Design Build
Use for AI",WARRANTY,Custom New Home
,MCLN 2024,46197.0,3834456.59,3859582.73,"Robert Brolin
Meagan Hale
John  Cunningham
Olivia Del Arco",46654.0,"Design Build
Use for AI",OPEN,Custom New Home
,MLLR 2012,,1325083.0,1325083.0,,,Completed,CLOSED,New Homes
,MRKM 2026 - Design,,0.0,0.0,Jason Hebert,,Design,OPEN,Custom New Home
,MRTN 2016,42471.0,1257919.12,1257919.12,,43035.0,Design,CLOSED,New Homes
,MRTN 2021 - Design,44288.0,0.0,0.0,Jason Hebert,,Design,CLOSED,Custom New Home
,NET0 2020,43962.0,0.0,0.0,"Shan Jenkins
Brian Edelmon",44071.0,Completed,CLOSED,Custom New Home
,NGLE 2017,43045.0,1399979.09,1432076.69,Skyler North,43413.0,Warranty,CLOSED,New Homes
,NRTH 2020,43920.0,0.0,0.0,Skyler North,44184.0,Warranty,CLOSED,Custom New Home
,NSMT 2021,44806.0,9811891.43,12715034.79,"Brian Edelmon
Alex Tackes",45537.0,"Design Build
Use for AI",WARRANTY,Custom New Home
,OPSM 2014,42058.0,0.0,45800.0,,,Completed,CLOSED,New Homes
,OSBN 2012,41283.0,0.0,0.0,,,Completed,CLOSED,New Homes
,OSBN 2014,,0.0,0.0,,,Completed,CLOSED,New Homes
,OVHD,,0.0,0.0,,,On Hold,OPEN,New Homes
,OXFR 2016,43080.0,2382896.0,2608921.74,Rene Sepulveda,43707.0,Warranty,CLOSED,New Homes
,OXFR 2022,45040.0,482544.28,550730.65,Jason Hebert,45226.0,"Warranty
Remodel",WARRANTY,Other - Residential Remodeler
,PCZT 2014,42207.0,1066399.5,1127093.15,Travis Ross,42580.0,Completed,CLOSED,New Homes
,PHLLS,,0.0,0.0,,,On Hold,CLOSED,Other - Residential Remodeler
,PHLP 2020,44271.0,2208670.42,2423589.33,Mike Scott,44758.0,"Construction
Use for AI",CLOSED,Custom New Home
,PRCE 2014,41473.0,1388822.21,1388822.21,,,Warranty,CLOSED,New Homes
,PRNG 2021 - Design,,6901600.78,6901600.78,Jason Hebert,46507.0,Design,CLOSED,Custom New Home
,PRTN 2017,42863.0,950000.0,950000.0,Jason Hebert,,Design,CLOSED,New Homes
,PSCA 2021,44470.0,0.0,0.0,Jason Hebert,,On Hold,CLOSED,Custom New Home
,PSCC 2017,43066.0,0.0,57063.86,"Selections Coordinator
Travis Ross",,Warranty,CLOSED,Other - Residential Remodeler
,PSCH 2014,41582.0,748886.14,748886.14,Skyler North,,Warranty,CLOSED,New Homes
,PTTS 2019,,0.0,0.0,Travis Ross,,Warranty,CLOSED,Other - Residential Remodeler
,PUGH 2016,42632.0,1289263.27,1342336.27,,43007.0,Warranty,CLOSED,New Homes
,PWLL 2017,43537.0,2692969.66,3795358.82,"Colt Cook
Alex Tackes",44092.0,Construction,CLOSED,New Homes
,RAJA 2015,,859233.59,860676.87,Jason Hebert,,On Hold,CLOSED,New Homes
,RAPP 2016,,400000.0,400000.0,Skyler North,,Warranty,CLOSED,Renovation/Tenant Improvements
,RDRG 2025-Furnishings,,0.0,0.0,"Skyler North
Alex Tackes",,Remodel,OPEN,Other - Residential Remodeler
,RDRG 2025-Remodel,,466245.0,518852.73,"Skyler North
Alex Tackes",,Remodel,OPEN,Other - Residential Remodeler
,RHPH 2016,42408.0,1102220.0,1096240.28,Denny Berger,42839.0,Completed,CLOSED,New Homes
,RJSH 2019,43969.0,2341206.24,2525129.94,Ben Davis,44386.0,"Warranty
Use for AI",CLOSED,Custom New Home
,RNNR 2025 - Design,,0.0,0.0,,,Design,CLOSED,Custom New Home
,RNNR 2025 - Interior Design Schedule Only,,0.0,0.0,,,,CLOSED,Custom New Home
,ROUS 2021,44697.0,3527865.94,3789395.04,"Marisa Killian
Mike Scott",45243.0,"Warranty
Use for AI",WARRANTY,Custom New Home
,RSNT 2017,43654.0,6313161.49,7348636.14,Brian Edelmon,44372.0,Construction,CLOSED,New Homes
,RYNL 2019,43668.0,2792345.62,2897841.77,Jason Hebert,,"Warranty
Use for AI",CLOSED,New Homes
,RYNL 2021,44480.0,0.0,0.0,Jason Hebert,,On Hold,CLOSED,Custom New Home
,SALH2019,43451.0,1000000.0,1000000.0,Jason Hebert,,Completed,CLOSED,Custom New Home
,SCHR 2021,44200.0,0.0,0.0,Jason Hebert,,Design,CLOSED,Custom New Home
,SCMT 2016,,1750000.0,1787064.0,Jason Hebert,43335.0,Design,CLOSED,New Homes
,SEDN 2021,44410.0,0.0,0.0,Jason Hebert,,On Hold,CLOSED,Custom New Home
,SHFR 2013,42397.0,871964.97,887444.74,Travis Ross,42762.0,Warranty,CLOSED,New Homes
,SLDN 2024 - Design,,0.0,0.0,,,Design,OPEN,Custom New Home
,SMTH 2017,43347.0,3482036.08,5233630.54,Colt Cook,44099.0,Warranty,CLOSED,New Homes
,SMTH 2023,45250.0,0.0,0.0,,,,WARRANTY,Other - Residential Remodeler
,SMTH 2026 - Design,,0.0,0.0,,,,OPEN,Renovation/Tenant Improvements
,SP-BSTN 2026,,0.0,14612.0,,,Small Project,OPEN,Renovation/Tenant Improvements
,SP-HUFF 2026,,0.0,37412.18,,,Small Project,OPEN,Renovation/Tenant Improvements
,SP-JDBO 2024,,0.0,0.0,Robert Brolin,,,OPEN,Renovation/Tenant Improvements
,SP-LHEC 2025,,0.0,43275.0,"Ben Davis
Christian Barajas",,Maintenance,OPEN,Custom New Home
,SP-NSMT 2024,,0.0,82784.44,,,Small Project,CLOSED,Renovation/Tenant Improvements
,SP-OXFR 2025,,0.0,0.0,,,Small Project,OPEN,Renovation/Tenant Improvements
,SP-TJOS 2024,,0.0,27785.22,,,Small Project,OPEN,Renovation/Tenant Improvements
,SP-WRNR,45807.0,0.0,0.0,"Denny Berger
Skyler North",,"Remodel
Small Project",OPEN,Renovation/Tenant Improvements
,SWSK 2019,43682.0,180000.0,180000.0,Jason Hebert,,Design,CLOSED,Renovation/Tenant Improvements
,SYLV 2026 - Design,,0.0,0.0,,,,OPEN,Custom New Home
,TEST Maintanence,45460.0,0.0,0.0,"Ben Davis
Christian Barajas",,Warranty,OPEN,Custom New Home
,TEST Wilson,45327.0,23222129.85,23222377.6,Skyler North,45382.0,"Design
Construction
Design Build",OPEN,Custom New Home
,THMP 2021,44613.0,8219251.26,9353757.52,Bryan Kinney,45187.0,"Warranty
Use for AI",WARRANTY,Custom New Home
,TJOS 2022,44593.0,500000.0,500000.0,Truitt Jenkins,,"Warranty
Remodel",WARRANTY,Other - Residential Remodeler
,TJOS-INS 2025,45938.0,0.0,0.0,,45981.0,Small Project,OPEN,Other - Residential Remodeler
,TNDL 2013,,856320.63,856320.63,,,Completed,CLOSED,New Homes
,TRNT 2021,44915.0,1990895.35,2013345.47,"Travis Ross
Michael Cartwright",45455.0,"Warranty
Use for AI",WARRANTY,Custom New Home
,VNBK Repair 2017,,0.0,0.0,Travis Ross,,Warranty,CLOSED,New Homes
,VNBL,,0.0,0.0,,,Completed,CLOSED,New Homes
,Warehouse,,0.0,0.0,Dusty Braswell,,,OPEN,Custom New Home
,Warranty,,0.0,20995.5,Denny Berger,,"Warranty
Use for AI",OPEN,New Homes
,WGNR 2020,44137.0,0.0,0.0,Jason Hebert,,Design,CLOSED,Custom New Home
,WILM Repair 2017,,0.0,0.0,Travis Ross,,Warranty,CLOSED,Renovation/Tenant Improvements
,WLCX 2019,44096.0,2004801.79,2151186.08,"Michael Cartwright
Alex Tackes",,Warranty,CLOSED,Custom New Home
,WLMS,,0.0,0.0,,,,CLOSED,New Homes
,WLSH 2012,,0.0,0.0,,,Completed,CLOSED,New Homes
,WRNR 2013,,0.0,0.0,,,Warranty,CLOSED,New Homes
,WTRB 2012,,0.0,0.0,,,Completed,CLOSED,New Homes
,X-Design Schedule,,0.0,0.0,,,,OPEN,Other - Residential Remodeler
,YNG 2018,43129.0,850000.0,850000.0,Jason Hebert,,Design,CLOSED,Custom New Home
,ZEY 2016,42592.0,767193.0,804913.9,Rene Sepulveda,42944.0,"Warranty
Completed",CLOSED,New Homes
,ZMPL Residence,42278.0,1834500.0,1834500.0,Shan Jenkins,,,CLOSED,New Homes
